timestamp,phase,curriculum_phase,round,episode,opponent,epsilon,outcome,p1_moves,p2_moves,total_reward,step_reward,hit_reward,miss_reward,sink_reward,win_reward,loss_reward
2025-12-02T00:47:50.031378+00:00,run_start,bootcamp,0,0,,1.0,,,,,,,,,,
2025-12-02T00:47:54.641616+00:00,train,bootcamp,1,1,self,1.0,0,97,,-53.349999999999916,-53.349999999999916,0.0,0.0,0.0,0.0,0.0
2025-12-02T00:47:54.642048+00:00,train,bootcamp,1,2,self,1.0,0,90,,-49.499999999999936,-49.499999999999936,0.0,0.0,0.0,0.0,0.0
2025-12-02T00:47:54.642229+00:00,train,bootcamp,1,3,self,1.0,0,100,,-54.99999999999991,-54.99999999999991,0.0,0.0,0.0,0.0,0.0
2025-12-02T00:47:54.642389+00:00,train,bootcamp,1,4,self,1.0,0,93,,-51.14999999999993,-51.14999999999993,0.0,0.0,0.0,0.0,0.0
2025-12-02T00:47:54.642544+00:00,train,bootcamp,1,5,self,1.0,0,92,,-50.59999999999993,-50.59999999999993,0.0,0.0,0.0,0.0,0.0
2025-12-02T00:47:54.642694+00:00,train,bootcamp,1,6,self,1.0,0,100,,-54.99999999999991,-54.99999999999991,0.0,0.0,0.0,0.0,0.0
2025-12-02T00:47:54.642844+00:00,train,bootcamp,1,7,self,1.0,0,87,,-47.849999999999945,-47.849999999999945,0.0,0.0,0.0,0.0,0.0
2025-12-02T00:47:54.642995+00:00,train,bootcamp,1,8,self,1.0,0,91,,-50.04999999999993,-50.04999999999993,0.0,0.0,0.0,0.0,0.0
2025-12-02T00:47:54.643144+00:00,train,bootcamp,1,9,self,1.0,0,96,,-52.79999999999992,-52.79999999999992,0.0,0.0,0.0,0.0,0.0
2025-12-02T00:47:54.643292+00:00,train,bootcamp,1,10,self,1.0,0,90,,-49.499999999999936,-49.499999999999936,0.0,0.0,0.0,0.0,0.0
2025-12-02T00:47:54.643443+00:00,train,bootcamp,1,11,self,1.0,0,100,,-54.99999999999991,-54.99999999999991,0.0,0.0,0.0,0.0,0.0
2025-12-02T00:47:54.643593+00:00,train,bootcamp,1,12,self,1.0,0,99,,-54.44999999999991,-54.44999999999991,0.0,0.0,0.0,0.0,0.0
2025-12-02T00:47:54.643740+00:00,train,bootcamp,1,13,self,1.0,0,95,,-52.24999999999992,-52.24999999999992,0.0,0.0,0.0,0.0,0.0
2025-12-02T00:47:54.643886+00:00,train,bootcamp,1,14,self,1.0,0,95,,-52.24999999999992,-52.24999999999992,0.0,0.0,0.0,0.0,0.0
2025-12-02T00:47:54.644030+00:00,train,bootcamp,1,15,self,1.0,0,84,,-46.19999999999995,-46.19999999999995,0.0,0.0,0.0,0.0,0.0
2025-12-02T00:47:54.644175+00:00,train,bootcamp,1,16,self,1.0,0,94,,-51.699999999999925,-51.699999999999925,0.0,0.0,0.0,0.0,0.0
2025-12-02T00:47:54.644319+00:00,train,bootcamp,1,17,self,1.0,0,100,,-54.99999999999991,-54.99999999999991,0.0,0.0,0.0,0.0,0.0
2025-12-02T00:47:54.644463+00:00,train,bootcamp,1,18,self,1.0,0,97,,-53.349999999999916,-53.349999999999916,0.0,0.0,0.0,0.0,0.0
2025-12-02T00:47:54.644607+00:00,train,bootcamp,1,19,self,1.0,0,99,,-54.44999999999991,-54.44999999999991,0.0,0.0,0.0,0.0,0.0
2025-12-02T00:47:54.644750+00:00,train,bootcamp,1,20,self,1.0,0,97,,-53.349999999999916,-53.349999999999916,0.0,0.0,0.0,0.0,0.0
2025-12-02T00:47:54.644893+00:00,train,bootcamp,1,21,self,1.0,0,96,,-52.79999999999992,-52.79999999999992,0.0,0.0,0.0,0.0,0.0
2025-12-02T00:47:54.645036+00:00,train,bootcamp,1,22,self,1.0,0,99,,-54.44999999999991,-54.44999999999991,0.0,0.0,0.0,0.0,0.0
2025-12-02T00:47:54.645180+00:00,train,bootcamp,1,23,self,1.0,0,98,,-53.89999999999991,-53.89999999999991,0.0,0.0,0.0,0.0,0.0
2025-12-02T00:47:54.645324+00:00,train,bootcamp,1,24,self,1.0,0,97,,-53.349999999999916,-53.349999999999916,0.0,0.0,0.0,0.0,0.0
2025-12-02T00:47:54.645468+00:00,train,bootcamp,1,25,self,1.0,0,98,,-53.89999999999991,-53.89999999999991,0.0,0.0,0.0,0.0,0.0
2025-12-02T00:47:54.645611+00:00,train,bootcamp,1,26,self,1.0,0,93,,-51.14999999999993,-51.14999999999993,0.0,0.0,0.0,0.0,0.0
2025-12-02T00:47:54.645755+00:00,train,bootcamp,1,27,self,1.0,0,100,,-54.99999999999991,-54.99999999999991,0.0,0.0,0.0,0.0,0.0
2025-12-02T00:47:54.645898+00:00,train,bootcamp,1,28,self,1.0,0,80,,-43.999999999999964,-43.999999999999964,0.0,0.0,0.0,0.0,0.0
2025-12-02T00:47:54.646051+00:00,train,bootcamp,1,29,self,1.0,0,100,,-54.99999999999991,-54.99999999999991,0.0,0.0,0.0,0.0,0.0
2025-12-02T00:47:54.646195+00:00,train,bootcamp,1,30,self,1.0,0,100,,-54.99999999999991,-54.99999999999991,0.0,0.0,0.0,0.0,0.0
2025-12-02T00:47:54.646339+00:00,train,bootcamp,1,31,self,1.0,0,100,,-54.99999999999991,-54.99999999999991,0.0,0.0,0.0,0.0,0.0
2025-12-02T00:47:54.646550+00:00,train,bootcamp,1,32,self,1.0,0,95,,-52.24999999999992,-52.24999999999992,0.0,0.0,0.0,0.0,0.0
2025-12-02T00:47:54.646696+00:00,train,bootcamp,1,33,self,1.0,0,98,,-53.89999999999991,-53.89999999999991,0.0,0.0,0.0,0.0,0.0
2025-12-02T00:47:54.646842+00:00,train,bootcamp,1,34,self,1.0,0,99,,-54.44999999999991,-54.44999999999991,0.0,0.0,0.0,0.0,0.0
2025-12-02T00:47:54.646989+00:00,train,bootcamp,1,35,self,1.0,0,89,,-48.94999999999994,-48.94999999999994,0.0,0.0,0.0,0.0,0.0
2025-12-02T00:47:54.647137+00:00,train,bootcamp,1,36,self,1.0,0,98,,-53.89999999999991,-53.89999999999991,0.0,0.0,0.0,0.0,0.0
2025-12-02T00:47:54.647284+00:00,train,bootcamp,1,37,self,1.0,0,98,,-53.89999999999991,-53.89999999999991,0.0,0.0,0.0,0.0,0.0
2025-12-02T00:47:54.647431+00:00,train,bootcamp,1,38,self,1.0,0,100,,-54.99999999999991,-54.99999999999991,0.0,0.0,0.0,0.0,0.0
2025-12-02T00:47:54.647578+00:00,train,bootcamp,1,39,self,1.0,0,99,,-54.44999999999991,-54.44999999999991,0.0,0.0,0.0,0.0,0.0
2025-12-02T00:47:54.647724+00:00,train,bootcamp,1,40,self,1.0,0,88,,-48.39999999999994,-48.39999999999994,0.0,0.0,0.0,0.0,0.0
2025-12-02T00:47:54.647872+00:00,train,bootcamp,1,41,self,1.0,0,91,,-50.04999999999993,-50.04999999999993,0.0,0.0,0.0,0.0,0.0
2025-12-02T00:47:54.648020+00:00,train,bootcamp,1,42,self,1.0,0,94,,-51.699999999999925,-51.699999999999925,0.0,0.0,0.0,0.0,0.0
2025-12-02T00:47:54.648168+00:00,train,bootcamp,1,43,self,1.0,0,93,,-51.14999999999993,-51.14999999999993,0.0,0.0,0.0,0.0,0.0
2025-12-02T00:47:54.648314+00:00,train,bootcamp,1,44,self,1.0,0,84,,-46.19999999999995,-46.19999999999995,0.0,0.0,0.0,0.0,0.0
2025-12-02T00:47:54.648457+00:00,train,bootcamp,1,45,self,1.0,0,98,,-53.89999999999991,-53.89999999999991,0.0,0.0,0.0,0.0,0.0
2025-12-02T00:47:54.648600+00:00,train,bootcamp,1,46,self,1.0,0,95,,-52.24999999999992,-52.24999999999992,0.0,0.0,0.0,0.0,0.0
2025-12-02T00:47:54.648744+00:00,train,bootcamp,1,47,self,1.0,0,95,,-52.24999999999992,-52.24999999999992,0.0,0.0,0.0,0.0,0.0
2025-12-02T00:47:54.648887+00:00,train,bootcamp,1,48,self,1.0,0,97,,-53.349999999999916,-53.349999999999916,0.0,0.0,0.0,0.0,0.0
2025-12-02T00:47:54.649031+00:00,train,bootcamp,1,49,self,1.0,0,95,,-52.24999999999992,-52.24999999999992,0.0,0.0,0.0,0.0,0.0
2025-12-02T00:47:54.649175+00:00,train,bootcamp,1,50,self,1.0,0,91,,-50.04999999999993,-50.04999999999993,0.0,0.0,0.0,0.0,0.0
2025-12-02T00:47:54.649318+00:00,train,bootcamp,1,51,self,1.0,0,100,,-54.99999999999991,-54.99999999999991,0.0,0.0,0.0,0.0,0.0
2025-12-02T00:47:54.649547+00:00,train,bootcamp,1,52,self,1.0,0,95,,-52.24999999999992,-52.24999999999992,0.0,0.0,0.0,0.0,0.0
2025-12-02T00:47:54.649760+00:00,train,bootcamp,1,53,self,1.0,0,93,,-51.14999999999993,-51.14999999999993,0.0,0.0,0.0,0.0,0.0
2025-12-02T00:47:54.650068+00:00,train,bootcamp,1,54,self,1.0,0,92,,-50.59999999999993,-50.59999999999993,0.0,0.0,0.0,0.0,0.0
2025-12-02T00:47:54.650393+00:00,train,bootcamp,1,55,self,1.0,0,94,,-51.699999999999925,-51.699999999999925,0.0,0.0,0.0,0.0,0.0
2025-12-02T00:47:54.650612+00:00,train,bootcamp,1,56,self,1.0,0,100,,-54.99999999999991,-54.99999999999991,0.0,0.0,0.0,0.0,0.0
2025-12-02T00:47:54.650793+00:00,train,bootcamp,1,57,self,1.0,0,95,,-52.24999999999992,-52.24999999999992,0.0,0.0,0.0,0.0,0.0
2025-12-02T00:47:54.651044+00:00,train,bootcamp,1,58,self,1.0,0,100,,-54.99999999999991,-54.99999999999991,0.0,0.0,0.0,0.0,0.0
2025-12-02T00:47:54.651225+00:00,train,bootcamp,1,59,self,1.0,0,100,,-54.99999999999991,-54.99999999999991,0.0,0.0,0.0,0.0,0.0
2025-12-02T00:47:54.651384+00:00,train,bootcamp,1,60,self,1.0,0,100,,-54.99999999999991,-54.99999999999991,0.0,0.0,0.0,0.0,0.0
2025-12-02T00:47:54.651540+00:00,train,bootcamp,1,61,self,1.0,0,93,,-51.14999999999993,-51.14999999999993,0.0,0.0,0.0,0.0,0.0
2025-12-02T00:47:54.651733+00:00,train,bootcamp,1,62,self,1.0,0,98,,-53.89999999999991,-53.89999999999991,0.0,0.0,0.0,0.0,0.0
2025-12-02T00:47:54.651892+00:00,train,bootcamp,1,63,self,1.0,0,93,,-51.14999999999993,-51.14999999999993,0.0,0.0,0.0,0.0,0.0
2025-12-02T00:47:54.652188+00:00,train,bootcamp,1,64,self,1.0,0,95,,-52.24999999999992,-52.24999999999992,0.0,0.0,0.0,0.0,0.0
2025-12-02T00:47:54.652440+00:00,train,bootcamp,1,65,self,1.0,0,94,,-51.699999999999925,-51.699999999999925,0.0,0.0,0.0,0.0,0.0
2025-12-02T00:47:54.652710+00:00,train,bootcamp,1,66,self,1.0,0,98,,-53.89999999999991,-53.89999999999991,0.0,0.0,0.0,0.0,0.0
2025-12-02T00:47:54.652945+00:00,train,bootcamp,1,67,self,1.0,0,98,,-53.89999999999991,-53.89999999999991,0.0,0.0,0.0,0.0,0.0
2025-12-02T00:47:54.653138+00:00,train,bootcamp,1,68,self,1.0,0,96,,-52.79999999999992,-52.79999999999992,0.0,0.0,0.0,0.0,0.0
2025-12-02T00:47:54.653312+00:00,train,bootcamp,1,69,self,1.0,0,99,,-54.44999999999991,-54.44999999999991,0.0,0.0,0.0,0.0,0.0
2025-12-02T00:47:54.653508+00:00,train,bootcamp,1,70,self,1.0,0,90,,-49.499999999999936,-49.499999999999936,0.0,0.0,0.0,0.0,0.0
2025-12-02T00:47:54.653687+00:00,train,bootcamp,1,71,self,1.0,0,95,,-52.24999999999992,-52.24999999999992,0.0,0.0,0.0,0.0,0.0
2025-12-02T00:47:54.653850+00:00,train,bootcamp,1,72,self,1.0,0,99,,-54.44999999999991,-54.44999999999991,0.0,0.0,0.0,0.0,0.0
2025-12-02T00:47:54.654008+00:00,train,bootcamp,1,73,self,1.0,0,94,,-51.699999999999925,-51.699999999999925,0.0,0.0,0.0,0.0,0.0
2025-12-02T00:47:54.654161+00:00,train,bootcamp,1,74,self,1.0,0,95,,-52.24999999999992,-52.24999999999992,0.0,0.0,0.0,0.0,0.0
2025-12-02T00:47:54.654317+00:00,train,bootcamp,1,75,self,1.0,0,97,,-53.349999999999916,-53.349999999999916,0.0,0.0,0.0,0.0,0.0
2025-12-02T00:47:54.654475+00:00,train,bootcamp,1,76,self,1.0,0,96,,-52.79999999999992,-52.79999999999992,0.0,0.0,0.0,0.0,0.0
2025-12-02T00:47:54.654626+00:00,train,bootcamp,1,77,self,1.0,0,96,,-52.79999999999992,-52.79999999999992,0.0,0.0,0.0,0.0,0.0
2025-12-02T00:47:54.654776+00:00,train,bootcamp,1,78,self,1.0,0,100,,-54.99999999999991,-54.99999999999991,0.0,0.0,0.0,0.0,0.0
2025-12-02T00:47:54.654929+00:00,train,bootcamp,1,79,self,1.0,0,98,,-53.89999999999991,-53.89999999999991,0.0,0.0,0.0,0.0,0.0
2025-12-02T00:47:54.655093+00:00,train,bootcamp,1,80,self,1.0,0,100,,-54.99999999999991,-54.99999999999991,0.0,0.0,0.0,0.0,0.0
2025-12-02T00:47:54.655247+00:00,train,bootcamp,1,81,self,1.0,0,98,,-53.89999999999991,-53.89999999999991,0.0,0.0,0.0,0.0,0.0
2025-12-02T00:47:54.655397+00:00,train,bootcamp,1,82,self,1.0,0,96,,-52.79999999999992,-52.79999999999992,0.0,0.0,0.0,0.0,0.0
2025-12-02T00:47:54.655546+00:00,train,bootcamp,1,83,self,1.0,0,77,,-42.34999999999997,-42.34999999999997,0.0,0.0,0.0,0.0,0.0
2025-12-02T00:47:54.655696+00:00,train,bootcamp,1,84,self,1.0,0,93,,-51.14999999999993,-51.14999999999993,0.0,0.0,0.0,0.0,0.0
2025-12-02T00:47:54.655845+00:00,train,bootcamp,1,85,self,1.0,0,91,,-50.04999999999993,-50.04999999999993,0.0,0.0,0.0,0.0,0.0
2025-12-02T00:47:54.655993+00:00,train,bootcamp,1,86,self,1.0,0,100,,-54.99999999999991,-54.99999999999991,0.0,0.0,0.0,0.0,0.0
2025-12-02T00:47:54.656142+00:00,train,bootcamp,1,87,self,1.0,0,99,,-54.44999999999991,-54.44999999999991,0.0,0.0,0.0,0.0,0.0
2025-12-02T00:47:54.656290+00:00,train,bootcamp,1,88,self,1.0,0,94,,-51.699999999999925,-51.699999999999925,0.0,0.0,0.0,0.0,0.0
2025-12-02T00:47:54.656440+00:00,train,bootcamp,1,89,self,1.0,0,97,,-53.349999999999916,-53.349999999999916,0.0,0.0,0.0,0.0,0.0
2025-12-02T00:47:54.656642+00:00,train,bootcamp,1,90,self,1.0,0,99,,-54.44999999999991,-54.44999999999991,0.0,0.0,0.0,0.0,0.0
2025-12-02T00:47:54.656846+00:00,train,bootcamp,1,91,self,1.0,0,99,,-54.44999999999991,-54.44999999999991,0.0,0.0,0.0,0.0,0.0
2025-12-02T00:47:54.657028+00:00,train,bootcamp,1,92,self,1.0,0,83,,-45.649999999999956,-45.649999999999956,0.0,0.0,0.0,0.0,0.0
2025-12-02T00:47:54.657193+00:00,train,bootcamp,1,93,self,1.0,0,91,,-50.04999999999993,-50.04999999999993,0.0,0.0,0.0,0.0,0.0
2025-12-02T00:47:54.657356+00:00,train,bootcamp,1,94,self,1.0,0,97,,-53.349999999999916,-53.349999999999916,0.0,0.0,0.0,0.0,0.0
2025-12-02T00:47:54.657513+00:00,train,bootcamp,1,95,self,1.0,0,82,,-45.09999999999996,-45.09999999999996,0.0,0.0,0.0,0.0,0.0
2025-12-02T00:47:54.657756+00:00,train,bootcamp,1,96,self,1.0,0,99,,-54.44999999999991,-54.44999999999991,0.0,0.0,0.0,0.0,0.0
2025-12-02T00:47:54.657928+00:00,train,bootcamp,1,97,self,1.0,0,100,,-54.99999999999991,-54.99999999999991,0.0,0.0,0.0,0.0,0.0
2025-12-02T00:47:54.658130+00:00,train,bootcamp,1,98,self,1.0,0,92,,-50.59999999999993,-50.59999999999993,0.0,0.0,0.0,0.0,0.0
2025-12-02T00:47:54.658338+00:00,train,bootcamp,1,99,self,1.0,0,93,,-51.14999999999993,-51.14999999999993,0.0,0.0,0.0,0.0,0.0
2025-12-02T00:47:54.658505+00:00,train,bootcamp,1,100,self,1.0,0,94,,-51.699999999999925,-51.699999999999925,0.0,0.0,0.0,0.0,0.0
2025-12-02T00:47:54.658664+00:00,train,bootcamp,1,101,self,1.0,0,88,,-48.39999999999994,-48.39999999999994,0.0,0.0,0.0,0.0,0.0
2025-12-02T00:47:54.658819+00:00,train,bootcamp,1,102,self,1.0,0,100,,-54.99999999999991,-54.99999999999991,0.0,0.0,0.0,0.0,0.0
2025-12-02T00:47:54.658973+00:00,train,bootcamp,1,103,self,1.0,0,95,,-52.24999999999992,-52.24999999999992,0.0,0.0,0.0,0.0,0.0
2025-12-02T00:47:54.659124+00:00,train,bootcamp,1,104,self,1.0,0,94,,-51.699999999999925,-51.699999999999925,0.0,0.0,0.0,0.0,0.0
2025-12-02T00:47:54.659274+00:00,train,bootcamp,1,105,self,1.0,0,96,,-52.79999999999992,-52.79999999999992,0.0,0.0,0.0,0.0,0.0
2025-12-02T00:47:54.659424+00:00,train,bootcamp,1,106,self,1.0,0,99,,-54.44999999999991,-54.44999999999991,0.0,0.0,0.0,0.0,0.0
2025-12-02T00:47:54.659574+00:00,train,bootcamp,1,107,self,1.0,0,99,,-54.44999999999991,-54.44999999999991,0.0,0.0,0.0,0.0,0.0
2025-12-02T00:47:54.659723+00:00,train,bootcamp,1,108,self,1.0,0,100,,-54.99999999999991,-54.99999999999991,0.0,0.0,0.0,0.0,0.0
2025-12-02T00:47:54.659873+00:00,train,bootcamp,1,109,self,1.0,0,100,,-54.99999999999991,-54.99999999999991,0.0,0.0,0.0,0.0,0.0
2025-12-02T00:47:54.660024+00:00,train,bootcamp,1,110,self,1.0,0,99,,-54.44999999999991,-54.44999999999991,0.0,0.0,0.0,0.0,0.0
2025-12-02T00:47:54.660174+00:00,train,bootcamp,1,111,self,1.0,0,96,,-52.79999999999992,-52.79999999999992,0.0,0.0,0.0,0.0,0.0
2025-12-02T00:47:54.660325+00:00,train,bootcamp,1,112,self,1.0,0,100,,-54.99999999999991,-54.99999999999991,0.0,0.0,0.0,0.0,0.0
2025-12-02T00:47:54.660476+00:00,train,bootcamp,1,113,self,1.0,0,100,,-54.99999999999991,-54.99999999999991,0.0,0.0,0.0,0.0,0.0
2025-12-02T00:47:54.660624+00:00,train,bootcamp,1,114,self,1.0,0,100,,-54.99999999999991,-54.99999999999991,0.0,0.0,0.0,0.0,0.0
2025-12-02T00:47:54.660771+00:00,train,bootcamp,1,115,self,1.0,0,100,,-54.99999999999991,-54.99999999999991,0.0,0.0,0.0,0.0,0.0
2025-12-02T00:47:54.660919+00:00,train,bootcamp,1,116,self,1.0,0,98,,-53.89999999999991,-53.89999999999991,0.0,0.0,0.0,0.0,0.0
2025-12-02T00:47:54.661071+00:00,train,bootcamp,1,117,self,1.0,0,99,,-54.44999999999991,-54.44999999999991,0.0,0.0,0.0,0.0,0.0
2025-12-02T00:47:54.661217+00:00,train,bootcamp,1,118,self,1.0,0,94,,-51.699999999999925,-51.699999999999925,0.0,0.0,0.0,0.0,0.0
2025-12-02T00:47:54.661363+00:00,train,bootcamp,1,119,self,1.0,0,97,,-53.349999999999916,-53.349999999999916,0.0,0.0,0.0,0.0,0.0
2025-12-02T00:47:54.661510+00:00,train,bootcamp,1,120,self,1.0,0,89,,-48.94999999999994,-48.94999999999994,0.0,0.0,0.0,0.0,0.0
2025-12-02T00:47:54.661657+00:00,train,bootcamp,1,121,self,1.0,0,97,,-53.349999999999916,-53.349999999999916,0.0,0.0,0.0,0.0,0.0
2025-12-02T00:47:54.661803+00:00,train,bootcamp,1,122,self,1.0,0,100,,-54.99999999999991,-54.99999999999991,0.0,0.0,0.0,0.0,0.0
2025-12-02T00:47:54.661949+00:00,train,bootcamp,1,123,self,1.0,0,92,,-50.59999999999993,-50.59999999999993,0.0,0.0,0.0,0.0,0.0
2025-12-02T00:47:54.662095+00:00,train,bootcamp,1,124,self,1.0,0,100,,-54.99999999999991,-54.99999999999991,0.0,0.0,0.0,0.0,0.0
2025-12-02T00:47:54.662241+00:00,train,bootcamp,1,125,self,1.0,0,99,,-54.44999999999991,-54.44999999999991,0.0,0.0,0.0,0.0,0.0
2025-12-02T00:47:54.663045+00:00,train,bootcamp,1,126,self,1.0,0,94,,-51.699999999999925,-51.699999999999925,0.0,0.0,0.0,0.0,0.0
2025-12-02T00:47:54.663197+00:00,train,bootcamp,1,127,self,1.0,0,90,,-49.499999999999936,-49.499999999999936,0.0,0.0,0.0,0.0,0.0
2025-12-02T00:47:54.663431+00:00,train,bootcamp,1,128,self,1.0,0,98,,-53.89999999999991,-53.89999999999991,0.0,0.0,0.0,0.0,0.0
2025-12-02T00:47:54.663584+00:00,train,bootcamp,1,129,self,1.0,0,97,,-53.349999999999916,-53.349999999999916,0.0,0.0,0.0,0.0,0.0
2025-12-02T00:47:54.663737+00:00,train,bootcamp,1,130,self,1.0,0,95,,-52.24999999999992,-52.24999999999992,0.0,0.0,0.0,0.0,0.0
2025-12-02T00:47:54.663888+00:00,train,bootcamp,1,131,self,1.0,0,99,,-54.44999999999991,-54.44999999999991,0.0,0.0,0.0,0.0,0.0
2025-12-02T00:47:54.664034+00:00,train,bootcamp,1,132,self,1.0,0,100,,-54.99999999999991,-54.99999999999991,0.0,0.0,0.0,0.0,0.0
2025-12-02T00:47:54.664184+00:00,train,bootcamp,1,133,self,1.0,0,93,,-51.14999999999993,-51.14999999999993,0.0,0.0,0.0,0.0,0.0
2025-12-02T00:47:54.664336+00:00,train,bootcamp,1,134,self,1.0,0,100,,-54.99999999999991,-54.99999999999991,0.0,0.0,0.0,0.0,0.0
2025-12-02T00:47:54.664510+00:00,train,bootcamp,1,135,self,1.0,0,99,,-54.44999999999991,-54.44999999999991,0.0,0.0,0.0,0.0,0.0
2025-12-02T00:47:54.664729+00:00,train,bootcamp,1,136,self,1.0,0,89,,-48.94999999999994,-48.94999999999994,0.0,0.0,0.0,0.0,0.0
2025-12-02T00:47:54.665021+00:00,train,bootcamp,1,137,self,1.0,0,94,,-51.699999999999925,-51.699999999999925,0.0,0.0,0.0,0.0,0.0
2025-12-02T00:47:54.665273+00:00,train,bootcamp,1,138,self,1.0,0,97,,-53.349999999999916,-53.349999999999916,0.0,0.0,0.0,0.0,0.0
2025-12-02T00:47:54.665555+00:00,train,bootcamp,1,139,self,1.0,0,97,,-53.349999999999916,-53.349999999999916,0.0,0.0,0.0,0.0,0.0
2025-12-02T00:47:54.665860+00:00,train,bootcamp,1,140,self,1.0,0,100,,-54.99999999999991,-54.99999999999991,0.0,0.0,0.0,0.0,0.0
2025-12-02T00:47:54.666187+00:00,train,bootcamp,1,141,self,1.0,0,87,,-47.849999999999945,-47.849999999999945,0.0,0.0,0.0,0.0,0.0
2025-12-02T00:47:54.666464+00:00,train,bootcamp,1,142,self,1.0,0,98,,-53.89999999999991,-53.89999999999991,0.0,0.0,0.0,0.0,0.0
2025-12-02T00:47:54.666694+00:00,train,bootcamp,1,143,self,1.0,0,95,,-52.24999999999992,-52.24999999999992,0.0,0.0,0.0,0.0,0.0
2025-12-02T00:47:54.666898+00:00,train,bootcamp,1,144,self,1.0,0,99,,-54.44999999999991,-54.44999999999991,0.0,0.0,0.0,0.0,0.0
2025-12-02T00:47:54.667135+00:00,train,bootcamp,1,145,self,1.0,0,100,,-54.99999999999991,-54.99999999999991,0.0,0.0,0.0,0.0,0.0
2025-12-02T00:47:54.667380+00:00,train,bootcamp,1,146,self,1.0,0,97,,-53.349999999999916,-53.349999999999916,0.0,0.0,0.0,0.0,0.0
2025-12-02T00:47:54.667568+00:00,train,bootcamp,1,147,self,1.0,0,90,,-49.499999999999936,-49.499999999999936,0.0,0.0,0.0,0.0,0.0
2025-12-02T00:47:54.667737+00:00,train,bootcamp,1,148,self,1.0,0,86,,-47.29999999999995,-47.29999999999995,0.0,0.0,0.0,0.0,0.0
2025-12-02T00:47:54.667901+00:00,train,bootcamp,1,149,self,1.0,0,100,,-54.99999999999991,-54.99999999999991,0.0,0.0,0.0,0.0,0.0
2025-12-02T00:47:54.668057+00:00,train,bootcamp,1,150,self,1.0,0,84,,-46.19999999999995,-46.19999999999995,0.0,0.0,0.0,0.0,0.0
2025-12-02T00:47:54.668212+00:00,train,bootcamp,1,151,self,1.0,0,94,,-51.699999999999925,-51.699999999999925,0.0,0.0,0.0,0.0,0.0
2025-12-02T00:47:54.668421+00:00,train,bootcamp,1,152,self,1.0,0,90,,-49.499999999999936,-49.499999999999936,0.0,0.0,0.0,0.0,0.0
2025-12-02T00:47:54.668607+00:00,train,bootcamp,1,153,self,1.0,0,100,,-54.99999999999991,-54.99999999999991,0.0,0.0,0.0,0.0,0.0
2025-12-02T00:47:54.668780+00:00,train,bootcamp,1,154,self,1.0,0,94,,-51.699999999999925,-51.699999999999925,0.0,0.0,0.0,0.0,0.0
2025-12-02T00:47:54.668947+00:00,train,bootcamp,1,155,self,1.0,0,92,,-50.59999999999993,-50.59999999999993,0.0,0.0,0.0,0.0,0.0
2025-12-02T00:47:54.669114+00:00,train,bootcamp,1,156,self,1.0,0,98,,-53.89999999999991,-53.89999999999991,0.0,0.0,0.0,0.0,0.0
2025-12-02T00:47:54.669274+00:00,train,bootcamp,1,157,self,1.0,0,95,,-52.24999999999992,-52.24999999999992,0.0,0.0,0.0,0.0,0.0
2025-12-02T00:47:54.669435+00:00,train,bootcamp,1,158,self,1.0,0,94,,-51.699999999999925,-51.699999999999925,0.0,0.0,0.0,0.0,0.0
2025-12-02T00:47:54.669592+00:00,train,bootcamp,1,159,self,1.0,0,97,,-53.349999999999916,-53.349999999999916,0.0,0.0,0.0,0.0,0.0
2025-12-02T00:47:54.669836+00:00,train,bootcamp,1,160,self,1.0,0,97,,-53.349999999999916,-53.349999999999916,0.0,0.0,0.0,0.0,0.0
2025-12-02T00:47:54.669998+00:00,train,bootcamp,1,161,self,1.0,0,98,,-53.89999999999991,-53.89999999999991,0.0,0.0,0.0,0.0,0.0
2025-12-02T00:47:54.670155+00:00,train,bootcamp,1,162,self,1.0,0,99,,-54.44999999999991,-54.44999999999991,0.0,0.0,0.0,0.0,0.0
2025-12-02T00:47:54.670311+00:00,train,bootcamp,1,163,self,1.0,0,84,,-46.19999999999995,-46.19999999999995,0.0,0.0,0.0,0.0,0.0
2025-12-02T00:47:54.670467+00:00,train,bootcamp,1,164,self,1.0,0,96,,-52.79999999999992,-52.79999999999992,0.0,0.0,0.0,0.0,0.0
2025-12-02T00:47:54.670629+00:00,train,bootcamp,1,165,self,1.0,0,99,,-54.44999999999991,-54.44999999999991,0.0,0.0,0.0,0.0,0.0
2025-12-02T00:47:54.670885+00:00,train,bootcamp,1,166,self,1.0,0,99,,-54.44999999999991,-54.44999999999991,0.0,0.0,0.0,0.0,0.0
2025-12-02T00:47:54.671069+00:00,train,bootcamp,1,167,self,1.0,0,95,,-52.24999999999992,-52.24999999999992,0.0,0.0,0.0,0.0,0.0
2025-12-02T00:47:54.671230+00:00,train,bootcamp,1,168,self,1.0,0,98,,-53.89999999999991,-53.89999999999991,0.0,0.0,0.0,0.0,0.0
2025-12-02T00:47:54.671389+00:00,train,bootcamp,1,169,self,1.0,0,100,,-54.99999999999991,-54.99999999999991,0.0,0.0,0.0,0.0,0.0
2025-12-02T00:47:54.671541+00:00,train,bootcamp,1,170,self,1.0,0,100,,-54.99999999999991,-54.99999999999991,0.0,0.0,0.0,0.0,0.0
2025-12-02T00:47:54.671689+00:00,train,bootcamp,1,171,self,1.0,0,99,,-54.44999999999991,-54.44999999999991,0.0,0.0,0.0,0.0,0.0
2025-12-02T00:47:54.671838+00:00,train,bootcamp,1,172,self,1.0,0,94,,-51.699999999999925,-51.699999999999925,0.0,0.0,0.0,0.0,0.0
2025-12-02T00:47:54.671984+00:00,train,bootcamp,1,173,self,1.0,0,100,,-54.99999999999991,-54.99999999999991,0.0,0.0,0.0,0.0,0.0
2025-12-02T00:47:54.672131+00:00,train,bootcamp,1,174,self,1.0,0,97,,-53.349999999999916,-53.349999999999916,0.0,0.0,0.0,0.0,0.0
2025-12-02T00:47:54.672279+00:00,train,bootcamp,1,175,self,1.0,0,100,,-54.99999999999991,-54.99999999999991,0.0,0.0,0.0,0.0,0.0
2025-12-02T00:47:54.672426+00:00,train,bootcamp,1,176,self,1.0,0,91,,-50.04999999999993,-50.04999999999993,0.0,0.0,0.0,0.0,0.0
2025-12-02T00:47:54.672572+00:00,train,bootcamp,1,177,self,1.0,0,98,,-53.89999999999991,-53.89999999999991,0.0,0.0,0.0,0.0,0.0
2025-12-02T00:47:54.672717+00:00,train,bootcamp,1,178,self,1.0,0,93,,-51.14999999999993,-51.14999999999993,0.0,0.0,0.0,0.0,0.0
2025-12-02T00:47:54.672860+00:00,train,bootcamp,1,179,self,1.0,0,100,,-54.99999999999991,-54.99999999999991,0.0,0.0,0.0,0.0,0.0
2025-12-02T00:47:54.673004+00:00,train,bootcamp,1,180,self,1.0,0,100,,-54.99999999999991,-54.99999999999991,0.0,0.0,0.0,0.0,0.0
2025-12-02T00:47:54.673148+00:00,train,bootcamp,1,181,self,1.0,0,97,,-53.349999999999916,-53.349999999999916,0.0,0.0,0.0,0.0,0.0
2025-12-02T00:47:54.673348+00:00,train,bootcamp,1,182,self,1.0,0,93,,-51.14999999999993,-51.14999999999993,0.0,0.0,0.0,0.0,0.0
2025-12-02T00:47:54.673535+00:00,train,bootcamp,1,183,self,1.0,0,100,,-54.99999999999991,-54.99999999999991,0.0,0.0,0.0,0.0,0.0
2025-12-02T00:47:54.673771+00:00,train,bootcamp,1,184,self,1.0,0,95,,-52.24999999999992,-52.24999999999992,0.0,0.0,0.0,0.0,0.0
2025-12-02T00:47:54.673967+00:00,train,bootcamp,1,185,self,1.0,0,99,,-54.44999999999991,-54.44999999999991,0.0,0.0,0.0,0.0,0.0
2025-12-02T00:47:54.674133+00:00,train,bootcamp,1,186,self,1.0,0,87,,-47.849999999999945,-47.849999999999945,0.0,0.0,0.0,0.0,0.0
2025-12-02T00:47:54.674290+00:00,train,bootcamp,1,187,self,1.0,0,97,,-53.349999999999916,-53.349999999999916,0.0,0.0,0.0,0.0,0.0
2025-12-02T00:47:54.674452+00:00,train,bootcamp,1,188,self,1.0,0,100,,-54.99999999999991,-54.99999999999991,0.0,0.0,0.0,0.0,0.0
2025-12-02T00:47:54.674613+00:00,train,bootcamp,1,189,self,1.0,0,96,,-52.79999999999992,-52.79999999999992,0.0,0.0,0.0,0.0,0.0
2025-12-02T00:47:54.674766+00:00,train,bootcamp,1,190,self,1.0,0,93,,-51.14999999999993,-51.14999999999993,0.0,0.0,0.0,0.0,0.0
2025-12-02T00:47:54.675045+00:00,train,bootcamp,1,191,self,1.0,0,96,,-52.79999999999992,-52.79999999999992,0.0,0.0,0.0,0.0,0.0
2025-12-02T00:47:54.675209+00:00,train,bootcamp,1,192,self,1.0,0,99,,-54.44999999999991,-54.44999999999991,0.0,0.0,0.0,0.0,0.0
2025-12-02T00:47:54.675363+00:00,train,bootcamp,1,193,self,1.0,0,94,,-51.699999999999925,-51.699999999999925,0.0,0.0,0.0,0.0,0.0
2025-12-02T00:47:54.675511+00:00,train,bootcamp,1,194,self,1.0,0,99,,-54.44999999999991,-54.44999999999991,0.0,0.0,0.0,0.0,0.0
2025-12-02T00:47:54.675659+00:00,train,bootcamp,1,195,self,1.0,0,96,,-52.79999999999992,-52.79999999999992,0.0,0.0,0.0,0.0,0.0
2025-12-02T00:47:54.675805+00:00,train,bootcamp,1,196,self,1.0,0,100,,-54.99999999999991,-54.99999999999991,0.0,0.0,0.0,0.0,0.0
2025-12-02T00:47:54.675950+00:00,train,bootcamp,1,197,self,1.0,0,87,,-47.849999999999945,-47.849999999999945,0.0,0.0,0.0,0.0,0.0
2025-12-02T00:47:54.676094+00:00,train,bootcamp,1,198,self,1.0,0,90,,-49.499999999999936,-49.499999999999936,0.0,0.0,0.0,0.0,0.0
2025-12-02T00:47:54.676241+00:00,train,bootcamp,1,199,self,1.0,0,96,,-52.79999999999992,-52.79999999999992,0.0,0.0,0.0,0.0,0.0
2025-12-02T00:47:54.676389+00:00,train,bootcamp,1,200,self,1.0,0,94,,-51.699999999999925,-51.699999999999925,0.0,0.0,0.0,0.0,0.0
2025-12-02T00:47:54.676538+00:00,train,bootcamp,1,201,self,1.0,0,87,,-47.849999999999945,-47.849999999999945,0.0,0.0,0.0,0.0,0.0
2025-12-02T00:47:54.676686+00:00,train,bootcamp,1,202,self,1.0,0,91,,-50.04999999999993,-50.04999999999993,0.0,0.0,0.0,0.0,0.0
2025-12-02T00:47:54.676836+00:00,train,bootcamp,1,203,self,1.0,0,95,,-52.24999999999992,-52.24999999999992,0.0,0.0,0.0,0.0,0.0
2025-12-02T00:47:54.676983+00:00,train,bootcamp,1,204,self,1.0,0,89,,-48.94999999999994,-48.94999999999994,0.0,0.0,0.0,0.0,0.0
2025-12-02T00:47:54.677131+00:00,train,bootcamp,1,205,self,1.0,0,94,,-51.699999999999925,-51.699999999999925,0.0,0.0,0.0,0.0,0.0
2025-12-02T00:47:54.677275+00:00,train,bootcamp,1,206,self,1.0,0,92,,-50.59999999999993,-50.59999999999993,0.0,0.0,0.0,0.0,0.0
2025-12-02T00:47:54.677419+00:00,train,bootcamp,1,207,self,1.0,0,90,,-49.499999999999936,-49.499999999999936,0.0,0.0,0.0,0.0,0.0
2025-12-02T00:47:54.677563+00:00,train,bootcamp,1,208,self,1.0,0,99,,-54.44999999999991,-54.44999999999991,0.0,0.0,0.0,0.0,0.0
2025-12-02T00:47:54.677706+00:00,train,bootcamp,1,209,self,1.0,0,94,,-51.699999999999925,-51.699999999999925,0.0,0.0,0.0,0.0,0.0
2025-12-02T00:47:54.677849+00:00,train,bootcamp,1,210,self,1.0,0,93,,-51.14999999999993,-51.14999999999993,0.0,0.0,0.0,0.0,0.0
2025-12-02T00:47:54.677993+00:00,train,bootcamp,1,211,self,1.0,0,90,,-49.499999999999936,-49.499999999999936,0.0,0.0,0.0,0.0,0.0
2025-12-02T00:47:54.678137+00:00,train,bootcamp,1,212,self,1.0,0,91,,-50.04999999999993,-50.04999999999993,0.0,0.0,0.0,0.0,0.0
2025-12-02T00:47:54.678281+00:00,train,bootcamp,1,213,self,1.0,0,95,,-52.24999999999992,-52.24999999999992,0.0,0.0,0.0,0.0,0.0
2025-12-02T00:47:54.678424+00:00,train,bootcamp,1,214,self,1.0,0,96,,-52.79999999999992,-52.79999999999992,0.0,0.0,0.0,0.0,0.0
2025-12-02T00:47:54.678567+00:00,train,bootcamp,1,215,self,1.0,0,100,,-54.99999999999991,-54.99999999999991,0.0,0.0,0.0,0.0,0.0
2025-12-02T00:47:54.678710+00:00,train,bootcamp,1,216,self,1.0,0,100,,-54.99999999999991,-54.99999999999991,0.0,0.0,0.0,0.0,0.0
2025-12-02T00:47:54.678854+00:00,train,bootcamp,1,217,self,1.0,0,99,,-54.44999999999991,-54.44999999999991,0.0,0.0,0.0,0.0,0.0
2025-12-02T00:47:54.678998+00:00,train,bootcamp,1,218,self,1.0,0,98,,-53.89999999999991,-53.89999999999991,0.0,0.0,0.0,0.0,0.0
2025-12-02T00:47:54.679141+00:00,train,bootcamp,1,219,self,1.0,0,99,,-54.44999999999991,-54.44999999999991,0.0,0.0,0.0,0.0,0.0
2025-12-02T00:47:54.679290+00:00,train,bootcamp,1,220,self,1.0,0,100,,-54.99999999999991,-54.99999999999991,0.0,0.0,0.0,0.0,0.0
2025-12-02T00:47:54.679433+00:00,train,bootcamp,1,221,self,1.0,0,100,,-54.99999999999991,-54.99999999999991,0.0,0.0,0.0,0.0,0.0
2025-12-02T00:47:54.679576+00:00,train,bootcamp,1,222,self,1.0,0,93,,-51.14999999999993,-51.14999999999993,0.0,0.0,0.0,0.0,0.0
2025-12-02T00:47:54.679798+00:00,train,bootcamp,1,223,self,1.0,0,98,,-53.89999999999991,-53.89999999999991,0.0,0.0,0.0,0.0,0.0
2025-12-02T00:47:54.679945+00:00,train,bootcamp,1,224,self,1.0,0,94,,-51.699999999999925,-51.699999999999925,0.0,0.0,0.0,0.0,0.0
2025-12-02T00:47:54.680089+00:00,train,bootcamp,1,225,self,1.0,0,92,,-50.59999999999993,-50.59999999999993,0.0,0.0,0.0,0.0,0.0
2025-12-02T00:47:54.680234+00:00,train,bootcamp,1,226,self,1.0,0,100,,-54.99999999999991,-54.99999999999991,0.0,0.0,0.0,0.0,0.0
2025-12-02T00:47:54.680381+00:00,train,bootcamp,1,227,self,1.0,0,99,,-54.44999999999991,-54.44999999999991,0.0,0.0,0.0,0.0,0.0
2025-12-02T00:47:54.680527+00:00,train,bootcamp,1,228,self,1.0,0,83,,-45.649999999999956,-45.649999999999956,0.0,0.0,0.0,0.0,0.0
2025-12-02T00:47:54.680673+00:00,train,bootcamp,1,229,self,1.0,0,98,,-53.89999999999991,-53.89999999999991,0.0,0.0,0.0,0.0,0.0
2025-12-02T00:47:54.680825+00:00,train,bootcamp,1,230,self,1.0,0,83,,-45.649999999999956,-45.649999999999956,0.0,0.0,0.0,0.0,0.0
2025-12-02T00:47:54.680973+00:00,train,bootcamp,1,231,self,1.0,0,92,,-50.59999999999993,-50.59999999999993,0.0,0.0,0.0,0.0,0.0
2025-12-02T00:47:54.681121+00:00,train,bootcamp,1,232,self,1.0,0,99,,-54.44999999999991,-54.44999999999991,0.0,0.0,0.0,0.0,0.0
2025-12-02T00:47:54.681270+00:00,train,bootcamp,1,233,self,1.0,0,97,,-53.349999999999916,-53.349999999999916,0.0,0.0,0.0,0.0,0.0
2025-12-02T00:47:54.681421+00:00,train,bootcamp,1,234,self,1.0,0,96,,-52.79999999999992,-52.79999999999992,0.0,0.0,0.0,0.0,0.0
2025-12-02T00:47:54.681619+00:00,train,bootcamp,1,235,self,1.0,0,97,,-53.349999999999916,-53.349999999999916,0.0,0.0,0.0,0.0,0.0
2025-12-02T00:47:54.681819+00:00,train,bootcamp,1,236,self,1.0,0,99,,-54.44999999999991,-54.44999999999991,0.0,0.0,0.0,0.0,0.0
2025-12-02T00:47:54.682060+00:00,train,bootcamp,1,237,self,1.0,0,100,,-54.99999999999991,-54.99999999999991,0.0,0.0,0.0,0.0,0.0
2025-12-02T00:47:54.682319+00:00,train,bootcamp,1,238,self,1.0,0,96,,-52.79999999999992,-52.79999999999992,0.0,0.0,0.0,0.0,0.0
2025-12-02T00:47:54.682508+00:00,train,bootcamp,1,239,self,1.0,0,100,,-54.99999999999991,-54.99999999999991,0.0,0.0,0.0,0.0,0.0
2025-12-02T00:47:54.682813+00:00,train,bootcamp,1,240,self,1.0,0,99,,-54.44999999999991,-54.44999999999991,0.0,0.0,0.0,0.0,0.0
2025-12-02T00:47:54.683032+00:00,train,bootcamp,1,241,self,1.0,0,98,,-53.89999999999991,-53.89999999999991,0.0,0.0,0.0,0.0,0.0
2025-12-02T00:47:54.683230+00:00,train,bootcamp,1,242,self,1.0,0,94,,-51.699999999999925,-51.699999999999925,0.0,0.0,0.0,0.0,0.0
2025-12-02T00:47:54.683476+00:00,train,bootcamp,1,243,self,1.0,0,99,,-54.44999999999991,-54.44999999999991,0.0,0.0,0.0,0.0,0.0
2025-12-02T00:47:54.683654+00:00,train,bootcamp,1,244,self,1.0,0,91,,-50.04999999999993,-50.04999999999993,0.0,0.0,0.0,0.0,0.0
2025-12-02T00:47:54.683929+00:00,train,bootcamp,1,245,self,1.0,0,100,,-54.99999999999991,-54.99999999999991,0.0,0.0,0.0,0.0,0.0
2025-12-02T00:47:54.684156+00:00,train,bootcamp,1,246,self,1.0,0,85,,-46.74999999999995,-46.74999999999995,0.0,0.0,0.0,0.0,0.0
2025-12-02T00:47:54.684442+00:00,train,bootcamp,1,247,self,1.0,0,99,,-54.44999999999991,-54.44999999999991,0.0,0.0,0.0,0.0,0.0
2025-12-02T00:47:54.684764+00:00,train,bootcamp,1,248,self,1.0,0,81,,-44.54999999999996,-44.54999999999996,0.0,0.0,0.0,0.0,0.0
2025-12-02T00:47:54.684993+00:00,train,bootcamp,1,249,self,1.0,0,100,,-54.99999999999991,-54.99999999999991,0.0,0.0,0.0,0.0,0.0
2025-12-02T00:47:54.685170+00:00,train,bootcamp,1,250,self,1.0,0,98,,-53.89999999999991,-53.89999999999991,0.0,0.0,0.0,0.0,0.0
2025-12-02T00:47:54.686228+00:00,train,bootcamp,1,251,self,1.0,0,94,,-51.699999999999925,-51.699999999999925,0.0,0.0,0.0,0.0,0.0
2025-12-02T00:47:54.686505+00:00,train,bootcamp,1,252,self,1.0,0,100,,-54.99999999999991,-54.99999999999991,0.0,0.0,0.0,0.0,0.0
2025-12-02T00:47:54.686669+00:00,train,bootcamp,1,253,self,1.0,0,97,,-53.349999999999916,-53.349999999999916,0.0,0.0,0.0,0.0,0.0
2025-12-02T00:47:54.686827+00:00,train,bootcamp,1,254,self,1.0,0,100,,-54.99999999999991,-54.99999999999991,0.0,0.0,0.0,0.0,0.0
2025-12-02T00:47:54.687091+00:00,train,bootcamp,1,255,self,1.0,0,87,,-47.849999999999945,-47.849999999999945,0.0,0.0,0.0,0.0,0.0
2025-12-02T00:47:54.687299+00:00,train,bootcamp,1,256,self,1.0,0,97,,-53.349999999999916,-53.349999999999916,0.0,0.0,0.0,0.0,0.0
2025-12-02T00:47:54.687454+00:00,train,bootcamp,1,257,self,1.0,0,96,,-52.79999999999992,-52.79999999999992,0.0,0.0,0.0,0.0,0.0
2025-12-02T00:47:54.687628+00:00,train,bootcamp,1,258,self,1.0,0,97,,-53.349999999999916,-53.349999999999916,0.0,0.0,0.0,0.0,0.0
2025-12-02T00:47:54.687781+00:00,train,bootcamp,1,259,self,1.0,0,100,,-54.99999999999991,-54.99999999999991,0.0,0.0,0.0,0.0,0.0
2025-12-02T00:47:54.687927+00:00,train,bootcamp,1,260,self,1.0,0,98,,-53.89999999999991,-53.89999999999991,0.0,0.0,0.0,0.0,0.0
2025-12-02T00:47:54.688072+00:00,train,bootcamp,1,261,self,1.0,0,69,,-37.949999999999996,-37.949999999999996,0.0,0.0,0.0,0.0,0.0
2025-12-02T00:47:54.688215+00:00,train,bootcamp,1,262,self,1.0,0,89,,-48.94999999999994,-48.94999999999994,0.0,0.0,0.0,0.0,0.0
2025-12-02T00:47:54.688360+00:00,train,bootcamp,1,263,self,1.0,0,85,,-46.74999999999995,-46.74999999999995,0.0,0.0,0.0,0.0,0.0
2025-12-02T00:47:54.688505+00:00,train,bootcamp,1,264,self,1.0,0,94,,-51.699999999999925,-51.699999999999925,0.0,0.0,0.0,0.0,0.0
2025-12-02T00:47:54.688648+00:00,train,bootcamp,1,265,self,1.0,0,89,,-48.94999999999994,-48.94999999999994,0.0,0.0,0.0,0.0,0.0
2025-12-02T00:47:54.688791+00:00,train,bootcamp,1,266,self,1.0,0,97,,-53.349999999999916,-53.349999999999916,0.0,0.0,0.0,0.0,0.0
2025-12-02T00:47:54.688934+00:00,train,bootcamp,1,267,self,1.0,0,96,,-52.79999999999992,-52.79999999999992,0.0,0.0,0.0,0.0,0.0
2025-12-02T00:47:54.689077+00:00,train,bootcamp,1,268,self,1.0,0,94,,-51.699999999999925,-51.699999999999925,0.0,0.0,0.0,0.0,0.0
2025-12-02T00:47:54.689219+00:00,train,bootcamp,1,269,self,1.0,0,98,,-53.89999999999991,-53.89999999999991,0.0,0.0,0.0,0.0,0.0
2025-12-02T00:47:54.689367+00:00,train,bootcamp,1,270,self,1.0,0,96,,-52.79999999999992,-52.79999999999992,0.0,0.0,0.0,0.0,0.0
2025-12-02T00:47:54.689509+00:00,train,bootcamp,1,271,self,1.0,0,76,,-41.799999999999976,-41.799999999999976,0.0,0.0,0.0,0.0,0.0
2025-12-02T00:47:54.689651+00:00,train,bootcamp,1,272,self,1.0,0,84,,-46.19999999999995,-46.19999999999995,0.0,0.0,0.0,0.0,0.0
2025-12-02T00:47:54.689792+00:00,train,bootcamp,1,273,self,1.0,0,98,,-53.89999999999991,-53.89999999999991,0.0,0.0,0.0,0.0,0.0
2025-12-02T00:47:54.689934+00:00,train,bootcamp,1,274,self,1.0,0,94,,-51.699999999999925,-51.699999999999925,0.0,0.0,0.0,0.0,0.0
2025-12-02T00:47:54.690075+00:00,train,bootcamp,1,275,self,1.0,0,100,,-54.99999999999991,-54.99999999999991,0.0,0.0,0.0,0.0,0.0
2025-12-02T00:47:54.690217+00:00,train,bootcamp,1,276,self,1.0,0,99,,-54.44999999999991,-54.44999999999991,0.0,0.0,0.0,0.0,0.0
2025-12-02T00:47:54.690360+00:00,train,bootcamp,1,277,self,1.0,0,97,,-53.349999999999916,-53.349999999999916,0.0,0.0,0.0,0.0,0.0
2025-12-02T00:47:54.690504+00:00,train,bootcamp,1,278,self,1.0,0,100,,-54.99999999999991,-54.99999999999991,0.0,0.0,0.0,0.0,0.0
2025-12-02T00:47:54.690648+00:00,train,bootcamp,1,279,self,1.0,0,99,,-54.44999999999991,-54.44999999999991,0.0,0.0,0.0,0.0,0.0
2025-12-02T00:47:54.690793+00:00,train,bootcamp,1,280,self,1.0,0,93,,-51.14999999999993,-51.14999999999993,0.0,0.0,0.0,0.0,0.0
2025-12-02T00:47:54.690943+00:00,train,bootcamp,1,281,self,1.0,0,98,,-53.89999999999991,-53.89999999999991,0.0,0.0,0.0,0.0,0.0
2025-12-02T00:47:54.691098+00:00,train,bootcamp,1,282,self,1.0,0,100,,-54.99999999999991,-54.99999999999991,0.0,0.0,0.0,0.0,0.0
2025-12-02T00:47:54.691251+00:00,train,bootcamp,1,283,self,1.0,0,99,,-54.44999999999991,-54.44999999999991,0.0,0.0,0.0,0.0,0.0
2025-12-02T00:47:54.691394+00:00,train,bootcamp,1,284,self,1.0,0,96,,-52.79999999999992,-52.79999999999992,0.0,0.0,0.0,0.0,0.0
2025-12-02T00:47:54.691557+00:00,train,bootcamp,1,285,self,1.0,0,98,,-53.89999999999991,-53.89999999999991,0.0,0.0,0.0,0.0,0.0
2025-12-02T00:47:54.691700+00:00,train,bootcamp,1,286,self,1.0,0,98,,-53.89999999999991,-53.89999999999991,0.0,0.0,0.0,0.0,0.0
2025-12-02T00:47:54.691907+00:00,train,bootcamp,1,287,self,1.0,0,96,,-52.79999999999992,-52.79999999999992,0.0,0.0,0.0,0.0,0.0
2025-12-02T00:47:54.692050+00:00,train,bootcamp,1,288,self,1.0,0,88,,-48.39999999999994,-48.39999999999994,0.0,0.0,0.0,0.0,0.0
2025-12-02T00:47:54.692191+00:00,train,bootcamp,1,289,self,1.0,0,89,,-48.94999999999994,-48.94999999999994,0.0,0.0,0.0,0.0,0.0
2025-12-02T00:47:54.692331+00:00,train,bootcamp,1,290,self,1.0,0,96,,-52.79999999999992,-52.79999999999992,0.0,0.0,0.0,0.0,0.0
2025-12-02T00:47:54.692471+00:00,train,bootcamp,1,291,self,1.0,0,91,,-50.04999999999993,-50.04999999999993,0.0,0.0,0.0,0.0,0.0
2025-12-02T00:47:54.692611+00:00,train,bootcamp,1,292,self,1.0,0,92,,-50.59999999999993,-50.59999999999993,0.0,0.0,0.0,0.0,0.0
2025-12-02T00:47:54.692751+00:00,train,bootcamp,1,293,self,1.0,0,100,,-54.99999999999991,-54.99999999999991,0.0,0.0,0.0,0.0,0.0
2025-12-02T00:47:54.692892+00:00,train,bootcamp,1,294,self,1.0,0,99,,-54.44999999999991,-54.44999999999991,0.0,0.0,0.0,0.0,0.0
2025-12-02T00:47:54.693034+00:00,train,bootcamp,1,295,self,1.0,0,98,,-53.89999999999991,-53.89999999999991,0.0,0.0,0.0,0.0,0.0
2025-12-02T00:47:54.693175+00:00,train,bootcamp,1,296,self,1.0,0,98,,-53.89999999999991,-53.89999999999991,0.0,0.0,0.0,0.0,0.0
2025-12-02T00:47:54.693317+00:00,train,bootcamp,1,297,self,1.0,0,97,,-53.349999999999916,-53.349999999999916,0.0,0.0,0.0,0.0,0.0
2025-12-02T00:47:54.693458+00:00,train,bootcamp,1,298,self,1.0,0,98,,-53.89999999999991,-53.89999999999991,0.0,0.0,0.0,0.0,0.0
2025-12-02T00:47:54.693599+00:00,train,bootcamp,1,299,self,1.0,0,97,,-53.349999999999916,-53.349999999999916,0.0,0.0,0.0,0.0,0.0
2025-12-02T00:47:54.693739+00:00,train,bootcamp,1,300,self,1.0,0,92,,-50.59999999999993,-50.59999999999993,0.0,0.0,0.0,0.0,0.0
2025-12-02T00:47:54.693882+00:00,train,bootcamp,1,301,self,1.0,0,98,,-53.89999999999991,-53.89999999999991,0.0,0.0,0.0,0.0,0.0
2025-12-02T00:47:54.694022+00:00,train,bootcamp,1,302,self,1.0,0,99,,-54.44999999999991,-54.44999999999991,0.0,0.0,0.0,0.0,0.0
2025-12-02T00:47:54.694161+00:00,train,bootcamp,1,303,self,1.0,0,98,,-53.89999999999991,-53.89999999999991,0.0,0.0,0.0,0.0,0.0
2025-12-02T00:47:54.694301+00:00,train,bootcamp,1,304,self,1.0,0,100,,-54.99999999999991,-54.99999999999991,0.0,0.0,0.0,0.0,0.0
2025-12-02T00:47:54.694439+00:00,train,bootcamp,1,305,self,1.0,0,98,,-53.89999999999991,-53.89999999999991,0.0,0.0,0.0,0.0,0.0
2025-12-02T00:47:54.694578+00:00,train,bootcamp,1,306,self,1.0,0,95,,-52.24999999999992,-52.24999999999992,0.0,0.0,0.0,0.0,0.0
2025-12-02T00:47:54.694716+00:00,train,bootcamp,1,307,self,1.0,0,98,,-53.89999999999991,-53.89999999999991,0.0,0.0,0.0,0.0,0.0
2025-12-02T00:47:54.694855+00:00,train,bootcamp,1,308,self,1.0,0,98,,-53.89999999999991,-53.89999999999991,0.0,0.0,0.0,0.0,0.0
2025-12-02T00:47:54.694993+00:00,train,bootcamp,1,309,self,1.0,0,100,,-54.99999999999991,-54.99999999999991,0.0,0.0,0.0,0.0,0.0
2025-12-02T00:47:54.695131+00:00,train,bootcamp,1,310,self,1.0,0,92,,-50.59999999999993,-50.59999999999993,0.0,0.0,0.0,0.0,0.0
2025-12-02T00:47:54.695270+00:00,train,bootcamp,1,311,self,1.0,0,99,,-54.44999999999991,-54.44999999999991,0.0,0.0,0.0,0.0,0.0
2025-12-02T00:47:54.695409+00:00,train,bootcamp,1,312,self,1.0,0,100,,-54.99999999999991,-54.99999999999991,0.0,0.0,0.0,0.0,0.0
2025-12-02T00:47:54.695548+00:00,train,bootcamp,1,313,self,1.0,0,100,,-54.99999999999991,-54.99999999999991,0.0,0.0,0.0,0.0,0.0
2025-12-02T00:47:54.695697+00:00,train,bootcamp,1,314,self,1.0,0,98,,-53.89999999999991,-53.89999999999991,0.0,0.0,0.0,0.0,0.0
2025-12-02T00:47:54.695841+00:00,train,bootcamp,1,315,self,1.0,0,83,,-45.649999999999956,-45.649999999999956,0.0,0.0,0.0,0.0,0.0
2025-12-02T00:47:54.695981+00:00,train,bootcamp,1,316,self,1.0,0,100,,-54.99999999999991,-54.99999999999991,0.0,0.0,0.0,0.0,0.0
2025-12-02T00:47:54.696119+00:00,train,bootcamp,1,317,self,1.0,0,84,,-46.19999999999995,-46.19999999999995,0.0,0.0,0.0,0.0,0.0
2025-12-02T00:47:54.696258+00:00,train,bootcamp,1,318,self,1.0,0,95,,-52.24999999999992,-52.24999999999992,0.0,0.0,0.0,0.0,0.0
2025-12-02T00:47:54.696467+00:00,train,bootcamp,1,319,self,1.0,0,98,,-53.89999999999991,-53.89999999999991,0.0,0.0,0.0,0.0,0.0
2025-12-02T00:47:54.696612+00:00,train,bootcamp,1,320,self,1.0,0,99,,-54.44999999999991,-54.44999999999991,0.0,0.0,0.0,0.0,0.0
2025-12-02T00:47:54.696757+00:00,train,bootcamp,1,321,self,1.0,0,99,,-54.44999999999991,-54.44999999999991,0.0,0.0,0.0,0.0,0.0
2025-12-02T00:47:54.696909+00:00,train,bootcamp,1,322,self,1.0,0,99,,-54.44999999999991,-54.44999999999991,0.0,0.0,0.0,0.0,0.0
2025-12-02T00:47:54.697061+00:00,train,bootcamp,1,323,self,1.0,0,97,,-53.349999999999916,-53.349999999999916,0.0,0.0,0.0,0.0,0.0
2025-12-02T00:47:54.697215+00:00,train,bootcamp,1,324,self,1.0,0,97,,-53.349999999999916,-53.349999999999916,0.0,0.0,0.0,0.0,0.0
2025-12-02T00:47:54.697368+00:00,train,bootcamp,1,325,self,1.0,0,98,,-53.89999999999991,-53.89999999999991,0.0,0.0,0.0,0.0,0.0
2025-12-02T00:47:54.697520+00:00,train,bootcamp,1,326,self,1.0,0,91,,-50.04999999999993,-50.04999999999993,0.0,0.0,0.0,0.0,0.0
2025-12-02T00:47:54.697670+00:00,train,bootcamp,1,327,self,1.0,0,97,,-53.349999999999916,-53.349999999999916,0.0,0.0,0.0,0.0,0.0
2025-12-02T00:47:54.697815+00:00,train,bootcamp,1,328,self,1.0,0,99,,-54.44999999999991,-54.44999999999991,0.0,0.0,0.0,0.0,0.0
2025-12-02T00:47:54.697962+00:00,train,bootcamp,1,329,self,1.0,0,100,,-54.99999999999991,-54.99999999999991,0.0,0.0,0.0,0.0,0.0
2025-12-02T00:47:54.698110+00:00,train,bootcamp,1,330,self,1.0,0,89,,-48.94999999999994,-48.94999999999994,0.0,0.0,0.0,0.0,0.0
2025-12-02T00:47:54.698253+00:00,train,bootcamp,1,331,self,1.0,0,94,,-51.699999999999925,-51.699999999999925,0.0,0.0,0.0,0.0,0.0
2025-12-02T00:47:54.698395+00:00,train,bootcamp,1,332,self,1.0,0,99,,-54.44999999999991,-54.44999999999991,0.0,0.0,0.0,0.0,0.0
2025-12-02T00:47:54.698537+00:00,train,bootcamp,1,333,self,1.0,0,93,,-51.14999999999993,-51.14999999999993,0.0,0.0,0.0,0.0,0.0
2025-12-02T00:47:54.698679+00:00,train,bootcamp,1,334,self,1.0,0,92,,-50.59999999999993,-50.59999999999993,0.0,0.0,0.0,0.0,0.0
2025-12-02T00:47:54.698880+00:00,train,bootcamp,1,335,self,1.0,0,95,,-52.24999999999992,-52.24999999999992,0.0,0.0,0.0,0.0,0.0
2025-12-02T00:47:54.699043+00:00,train,bootcamp,1,336,self,1.0,0,98,,-53.89999999999991,-53.89999999999991,0.0,0.0,0.0,0.0,0.0
2025-12-02T00:47:54.699197+00:00,train,bootcamp,1,337,self,1.0,0,98,,-53.89999999999991,-53.89999999999991,0.0,0.0,0.0,0.0,0.0
2025-12-02T00:47:54.699480+00:00,train,bootcamp,1,338,self,1.0,0,100,,-54.99999999999991,-54.99999999999991,0.0,0.0,0.0,0.0,0.0
2025-12-02T00:47:54.699711+00:00,train,bootcamp,1,339,self,1.0,0,81,,-44.54999999999996,-44.54999999999996,0.0,0.0,0.0,0.0,0.0
2025-12-02T00:47:54.699890+00:00,train,bootcamp,1,340,self,1.0,0,90,,-49.499999999999936,-49.499999999999936,0.0,0.0,0.0,0.0,0.0
2025-12-02T00:47:54.700104+00:00,train,bootcamp,1,341,self,1.0,0,90,,-49.499999999999936,-49.499999999999936,0.0,0.0,0.0,0.0,0.0
2025-12-02T00:47:54.700316+00:00,train,bootcamp,1,342,self,1.0,0,100,,-54.99999999999991,-54.99999999999991,0.0,0.0,0.0,0.0,0.0
2025-12-02T00:47:54.700496+00:00,train,bootcamp,1,343,self,1.0,0,89,,-48.94999999999994,-48.94999999999994,0.0,0.0,0.0,0.0,0.0
2025-12-02T00:47:54.700663+00:00,train,bootcamp,1,344,self,1.0,0,99,,-54.44999999999991,-54.44999999999991,0.0,0.0,0.0,0.0,0.0
2025-12-02T00:47:54.700869+00:00,train,bootcamp,1,345,self,1.0,0,94,,-51.699999999999925,-51.699999999999925,0.0,0.0,0.0,0.0,0.0
2025-12-02T00:47:54.701069+00:00,train,bootcamp,1,346,self,1.0,0,93,,-51.14999999999993,-51.14999999999993,0.0,0.0,0.0,0.0,0.0
2025-12-02T00:47:54.701242+00:00,train,bootcamp,1,347,self,1.0,0,100,,-54.99999999999991,-54.99999999999991,0.0,0.0,0.0,0.0,0.0
2025-12-02T00:47:54.701406+00:00,train,bootcamp,1,348,self,1.0,0,86,,-47.29999999999995,-47.29999999999995,0.0,0.0,0.0,0.0,0.0
2025-12-02T00:47:54.701564+00:00,train,bootcamp,1,349,self,1.0,0,99,,-54.44999999999991,-54.44999999999991,0.0,0.0,0.0,0.0,0.0
2025-12-02T00:47:54.701724+00:00,train,bootcamp,1,350,self,1.0,0,99,,-54.44999999999991,-54.44999999999991,0.0,0.0,0.0,0.0,0.0
2025-12-02T00:47:54.701969+00:00,train,bootcamp,1,351,self,1.0,0,99,,-54.44999999999991,-54.44999999999991,0.0,0.0,0.0,0.0,0.0
2025-12-02T00:47:54.702133+00:00,train,bootcamp,1,352,self,1.0,0,93,,-51.14999999999993,-51.14999999999993,0.0,0.0,0.0,0.0,0.0
2025-12-02T00:47:54.702295+00:00,train,bootcamp,1,353,self,1.0,0,89,,-48.94999999999994,-48.94999999999994,0.0,0.0,0.0,0.0,0.0
2025-12-02T00:47:54.702447+00:00,train,bootcamp,1,354,self,1.0,0,95,,-52.24999999999992,-52.24999999999992,0.0,0.0,0.0,0.0,0.0
2025-12-02T00:47:54.702599+00:00,train,bootcamp,1,355,self,1.0,0,98,,-53.89999999999991,-53.89999999999991,0.0,0.0,0.0,0.0,0.0
2025-12-02T00:47:54.702751+00:00,train,bootcamp,1,356,self,1.0,0,98,,-53.89999999999991,-53.89999999999991,0.0,0.0,0.0,0.0,0.0
2025-12-02T00:47:54.702903+00:00,train,bootcamp,1,357,self,1.0,0,100,,-54.99999999999991,-54.99999999999991,0.0,0.0,0.0,0.0,0.0
2025-12-02T00:47:54.703054+00:00,train,bootcamp,1,358,self,1.0,0,100,,-54.99999999999991,-54.99999999999991,0.0,0.0,0.0,0.0,0.0
2025-12-02T00:47:54.703207+00:00,train,bootcamp,1,359,self,1.0,0,94,,-51.699999999999925,-51.699999999999925,0.0,0.0,0.0,0.0,0.0
2025-12-02T00:47:54.703356+00:00,train,bootcamp,1,360,self,1.0,0,96,,-52.79999999999992,-52.79999999999992,0.0,0.0,0.0,0.0,0.0
2025-12-02T00:47:54.703506+00:00,train,bootcamp,1,361,self,1.0,0,100,,-54.99999999999991,-54.99999999999991,0.0,0.0,0.0,0.0,0.0
2025-12-02T00:47:54.703653+00:00,train,bootcamp,1,362,self,1.0,0,96,,-52.79999999999992,-52.79999999999992,0.0,0.0,0.0,0.0,0.0
2025-12-02T00:47:54.703802+00:00,train,bootcamp,1,363,self,1.0,0,90,,-49.499999999999936,-49.499999999999936,0.0,0.0,0.0,0.0,0.0
2025-12-02T00:47:54.703950+00:00,train,bootcamp,1,364,self,1.0,0,98,,-53.89999999999991,-53.89999999999991,0.0,0.0,0.0,0.0,0.0
2025-12-02T00:47:54.704098+00:00,train,bootcamp,1,365,self,1.0,0,98,,-53.89999999999991,-53.89999999999991,0.0,0.0,0.0,0.0,0.0
2025-12-02T00:47:54.704246+00:00,train,bootcamp,1,366,self,1.0,0,100,,-54.99999999999991,-54.99999999999991,0.0,0.0,0.0,0.0,0.0
2025-12-02T00:47:54.704394+00:00,train,bootcamp,1,367,self,1.0,0,100,,-54.99999999999991,-54.99999999999991,0.0,0.0,0.0,0.0,0.0
2025-12-02T00:47:54.704541+00:00,train,bootcamp,1,368,self,1.0,0,96,,-52.79999999999992,-52.79999999999992,0.0,0.0,0.0,0.0,0.0
2025-12-02T00:47:54.704691+00:00,train,bootcamp,1,369,self,1.0,0,100,,-54.99999999999991,-54.99999999999991,0.0,0.0,0.0,0.0,0.0
2025-12-02T00:47:54.704838+00:00,train,bootcamp,1,370,self,1.0,0,99,,-54.44999999999991,-54.44999999999991,0.0,0.0,0.0,0.0,0.0
2025-12-02T00:47:54.704986+00:00,train,bootcamp,1,371,self,1.0,0,97,,-53.349999999999916,-53.349999999999916,0.0,0.0,0.0,0.0,0.0
2025-12-02T00:47:54.705134+00:00,train,bootcamp,1,372,self,1.0,0,92,,-50.59999999999993,-50.59999999999993,0.0,0.0,0.0,0.0,0.0
2025-12-02T00:47:54.705282+00:00,train,bootcamp,1,373,self,1.0,0,95,,-52.24999999999992,-52.24999999999992,0.0,0.0,0.0,0.0,0.0
2025-12-02T00:47:54.705430+00:00,train,bootcamp,1,374,self,1.0,0,90,,-49.499999999999936,-49.499999999999936,0.0,0.0,0.0,0.0,0.0
2025-12-02T00:47:54.705577+00:00,train,bootcamp,1,375,self,1.0,0,97,,-53.349999999999916,-53.349999999999916,0.0,0.0,0.0,0.0,0.0
2025-12-02T00:47:54.706426+00:00,train,bootcamp,1,376,self,1.0,0,100,,-54.99999999999991,-54.99999999999991,0.0,0.0,0.0,0.0,0.0
2025-12-02T00:47:54.706652+00:00,train,bootcamp,1,377,self,1.0,0,92,,-50.59999999999993,-50.59999999999993,0.0,0.0,0.0,0.0,0.0
2025-12-02T00:47:54.706825+00:00,train,bootcamp,1,378,self,1.0,0,92,,-50.59999999999993,-50.59999999999993,0.0,0.0,0.0,0.0,0.0
2025-12-02T00:47:54.706986+00:00,train,bootcamp,1,379,self,1.0,0,95,,-52.24999999999992,-52.24999999999992,0.0,0.0,0.0,0.0,0.0
2025-12-02T00:47:54.707146+00:00,train,bootcamp,1,380,self,1.0,0,95,,-52.24999999999992,-52.24999999999992,0.0,0.0,0.0,0.0,0.0
2025-12-02T00:47:54.707377+00:00,train,bootcamp,1,381,self,1.0,0,84,,-46.19999999999995,-46.19999999999995,0.0,0.0,0.0,0.0,0.0
2025-12-02T00:47:54.707731+00:00,train,bootcamp,1,382,self,1.0,0,94,,-51.699999999999925,-51.699999999999925,0.0,0.0,0.0,0.0,0.0
2025-12-02T00:47:54.707933+00:00,train,bootcamp,1,383,self,1.0,0,70,,-38.49999999999999,-38.49999999999999,0.0,0.0,0.0,0.0,0.0
2025-12-02T00:47:54.708101+00:00,train,bootcamp,1,384,self,1.0,0,84,,-46.19999999999995,-46.19999999999995,0.0,0.0,0.0,0.0,0.0
2025-12-02T00:47:54.708334+00:00,train,bootcamp,1,385,self,1.0,0,95,,-52.24999999999992,-52.24999999999992,0.0,0.0,0.0,0.0,0.0
2025-12-02T00:47:54.708526+00:00,train,bootcamp,1,386,self,1.0,0,92,,-50.59999999999993,-50.59999999999993,0.0,0.0,0.0,0.0,0.0
2025-12-02T00:47:54.708689+00:00,train,bootcamp,1,387,self,1.0,0,100,,-54.99999999999991,-54.99999999999991,0.0,0.0,0.0,0.0,0.0
2025-12-02T00:47:54.708843+00:00,train,bootcamp,1,388,self,1.0,0,96,,-52.79999999999992,-52.79999999999992,0.0,0.0,0.0,0.0,0.0
2025-12-02T00:47:54.708995+00:00,train,bootcamp,1,389,self,1.0,0,91,,-50.04999999999993,-50.04999999999993,0.0,0.0,0.0,0.0,0.0
2025-12-02T00:47:54.709143+00:00,train,bootcamp,1,390,self,1.0,0,99,,-54.44999999999991,-54.44999999999991,0.0,0.0,0.0,0.0,0.0
2025-12-02T00:47:54.709290+00:00,train,bootcamp,1,391,self,1.0,0,97,,-53.349999999999916,-53.349999999999916,0.0,0.0,0.0,0.0,0.0
2025-12-02T00:47:54.709436+00:00,train,bootcamp,1,392,self,1.0,0,100,,-54.99999999999991,-54.99999999999991,0.0,0.0,0.0,0.0,0.0
2025-12-02T00:47:54.709582+00:00,train,bootcamp,1,393,self,1.0,0,97,,-53.349999999999916,-53.349999999999916,0.0,0.0,0.0,0.0,0.0
2025-12-02T00:47:54.709727+00:00,train,bootcamp,1,394,self,1.0,0,97,,-53.349999999999916,-53.349999999999916,0.0,0.0,0.0,0.0,0.0
2025-12-02T00:47:54.709874+00:00,train,bootcamp,1,395,self,1.0,0,96,,-52.79999999999992,-52.79999999999992,0.0,0.0,0.0,0.0,0.0
2025-12-02T00:47:54.710022+00:00,train,bootcamp,1,396,self,1.0,0,89,,-48.94999999999994,-48.94999999999994,0.0,0.0,0.0,0.0,0.0
2025-12-02T00:47:54.710168+00:00,train,bootcamp,1,397,self,1.0,0,89,,-48.94999999999994,-48.94999999999994,0.0,0.0,0.0,0.0,0.0
2025-12-02T00:47:54.710315+00:00,train,bootcamp,1,398,self,1.0,0,98,,-53.89999999999991,-53.89999999999991,0.0,0.0,0.0,0.0,0.0
2025-12-02T00:47:54.710461+00:00,train,bootcamp,1,399,self,1.0,0,100,,-54.99999999999991,-54.99999999999991,0.0,0.0,0.0,0.0,0.0
2025-12-02T00:47:54.710604+00:00,train,bootcamp,1,400,self,1.0,0,95,,-52.24999999999992,-52.24999999999992,0.0,0.0,0.0,0.0,0.0
2025-12-02T00:47:54.710747+00:00,train,bootcamp,1,401,self,1.0,0,99,,-54.44999999999991,-54.44999999999991,0.0,0.0,0.0,0.0,0.0
2025-12-02T00:47:54.710889+00:00,train,bootcamp,1,402,self,1.0,0,98,,-53.89999999999991,-53.89999999999991,0.0,0.0,0.0,0.0,0.0
2025-12-02T00:47:54.711031+00:00,train,bootcamp,1,403,self,1.0,0,98,,-53.89999999999991,-53.89999999999991,0.0,0.0,0.0,0.0,0.0
2025-12-02T00:47:54.711173+00:00,train,bootcamp,1,404,self,1.0,0,98,,-53.89999999999991,-53.89999999999991,0.0,0.0,0.0,0.0,0.0
2025-12-02T00:47:54.711314+00:00,train,bootcamp,1,405,self,1.0,0,97,,-53.349999999999916,-53.349999999999916,0.0,0.0,0.0,0.0,0.0
2025-12-02T00:47:54.711456+00:00,train,bootcamp,1,406,self,1.0,0,97,,-53.349999999999916,-53.349999999999916,0.0,0.0,0.0,0.0,0.0
2025-12-02T00:47:54.711599+00:00,train,bootcamp,1,407,self,1.0,0,85,,-46.74999999999995,-46.74999999999995,0.0,0.0,0.0,0.0,0.0
2025-12-02T00:47:54.711742+00:00,train,bootcamp,1,408,self,1.0,0,90,,-49.499999999999936,-49.499999999999936,0.0,0.0,0.0,0.0,0.0
2025-12-02T00:47:54.711884+00:00,train,bootcamp,1,409,self,1.0,0,77,,-42.34999999999997,-42.34999999999997,0.0,0.0,0.0,0.0,0.0
2025-12-02T00:47:54.712024+00:00,train,bootcamp,1,410,self,1.0,0,98,,-53.89999999999991,-53.89999999999991,0.0,0.0,0.0,0.0,0.0
2025-12-02T00:47:54.712167+00:00,train,bootcamp,1,411,self,1.0,0,94,,-51.699999999999925,-51.699999999999925,0.0,0.0,0.0,0.0,0.0
2025-12-02T00:47:54.712309+00:00,train,bootcamp,1,412,self,1.0,0,95,,-52.24999999999992,-52.24999999999992,0.0,0.0,0.0,0.0,0.0
2025-12-02T00:47:54.712451+00:00,train,bootcamp,1,413,self,1.0,0,83,,-45.649999999999956,-45.649999999999956,0.0,0.0,0.0,0.0,0.0
2025-12-02T00:47:54.712666+00:00,train,bootcamp,1,414,self,1.0,0,100,,-54.99999999999991,-54.99999999999991,0.0,0.0,0.0,0.0,0.0
2025-12-02T00:47:54.712812+00:00,train,bootcamp,1,415,self,1.0,0,100,,-54.99999999999991,-54.99999999999991,0.0,0.0,0.0,0.0,0.0
2025-12-02T00:47:54.712955+00:00,train,bootcamp,1,416,self,1.0,0,100,,-54.99999999999991,-54.99999999999991,0.0,0.0,0.0,0.0,0.0
2025-12-02T00:47:54.713097+00:00,train,bootcamp,1,417,self,1.0,0,91,,-50.04999999999993,-50.04999999999993,0.0,0.0,0.0,0.0,0.0
2025-12-02T00:47:54.713238+00:00,train,bootcamp,1,418,self,1.0,0,100,,-54.99999999999991,-54.99999999999991,0.0,0.0,0.0,0.0,0.0
2025-12-02T00:47:54.713381+00:00,train,bootcamp,1,419,self,1.0,0,96,,-52.79999999999992,-52.79999999999992,0.0,0.0,0.0,0.0,0.0
2025-12-02T00:47:54.713523+00:00,train,bootcamp,1,420,self,1.0,0,97,,-53.349999999999916,-53.349999999999916,0.0,0.0,0.0,0.0,0.0
2025-12-02T00:47:54.713666+00:00,train,bootcamp,1,421,self,1.0,0,92,,-50.59999999999993,-50.59999999999993,0.0,0.0,0.0,0.0,0.0
2025-12-02T00:47:54.713810+00:00,train,bootcamp,1,422,self,1.0,0,100,,-54.99999999999991,-54.99999999999991,0.0,0.0,0.0,0.0,0.0
2025-12-02T00:47:54.713954+00:00,train,bootcamp,1,423,self,1.0,0,98,,-53.89999999999991,-53.89999999999991,0.0,0.0,0.0,0.0,0.0
2025-12-02T00:47:54.714099+00:00,train,bootcamp,1,424,self,1.0,0,99,,-54.44999999999991,-54.44999999999991,0.0,0.0,0.0,0.0,0.0
2025-12-02T00:47:54.714243+00:00,train,bootcamp,1,425,self,1.0,0,100,,-54.99999999999991,-54.99999999999991,0.0,0.0,0.0,0.0,0.0
2025-12-02T00:47:54.714387+00:00,train,bootcamp,1,426,self,1.0,0,96,,-52.79999999999992,-52.79999999999992,0.0,0.0,0.0,0.0,0.0
2025-12-02T00:47:54.714531+00:00,train,bootcamp,1,427,self,1.0,0,99,,-54.44999999999991,-54.44999999999991,0.0,0.0,0.0,0.0,0.0
2025-12-02T00:47:54.714678+00:00,train,bootcamp,1,428,self,1.0,0,97,,-53.349999999999916,-53.349999999999916,0.0,0.0,0.0,0.0,0.0
2025-12-02T00:47:54.714823+00:00,train,bootcamp,1,429,self,1.0,0,98,,-53.89999999999991,-53.89999999999991,0.0,0.0,0.0,0.0,0.0
2025-12-02T00:47:54.714967+00:00,train,bootcamp,1,430,self,1.0,0,100,,-54.99999999999991,-54.99999999999991,0.0,0.0,0.0,0.0,0.0
2025-12-02T00:47:54.715110+00:00,train,bootcamp,1,431,self,1.0,0,86,,-47.29999999999995,-47.29999999999995,0.0,0.0,0.0,0.0,0.0
2025-12-02T00:47:54.715253+00:00,train,bootcamp,1,432,self,1.0,0,90,,-49.499999999999936,-49.499999999999936,0.0,0.0,0.0,0.0,0.0
2025-12-02T00:47:54.715396+00:00,train,bootcamp,1,433,self,1.0,0,90,,-49.499999999999936,-49.499999999999936,0.0,0.0,0.0,0.0,0.0
2025-12-02T00:47:54.715538+00:00,train,bootcamp,1,434,self,1.0,0,100,,-54.99999999999991,-54.99999999999991,0.0,0.0,0.0,0.0,0.0
2025-12-02T00:47:54.715682+00:00,train,bootcamp,1,435,self,1.0,0,94,,-51.699999999999925,-51.699999999999925,0.0,0.0,0.0,0.0,0.0
2025-12-02T00:47:54.715884+00:00,train,bootcamp,1,436,self,1.0,0,87,,-47.849999999999945,-47.849999999999945,0.0,0.0,0.0,0.0,0.0
2025-12-02T00:47:54.716058+00:00,train,bootcamp,1,437,self,1.0,0,98,,-53.89999999999991,-53.89999999999991,0.0,0.0,0.0,0.0,0.0
2025-12-02T00:47:54.716207+00:00,train,bootcamp,1,438,self,1.0,0,96,,-52.79999999999992,-52.79999999999992,0.0,0.0,0.0,0.0,0.0
2025-12-02T00:47:54.716689+00:00,train,bootcamp,1,439,self,1.0,0,99,,-54.44999999999991,-54.44999999999991,0.0,0.0,0.0,0.0,0.0
2025-12-02T00:47:54.716957+00:00,train,bootcamp,1,440,self,1.0,0,98,,-53.89999999999991,-53.89999999999991,0.0,0.0,0.0,0.0,0.0
2025-12-02T00:47:54.717208+00:00,train,bootcamp,1,441,self,1.0,0,96,,-52.79999999999992,-52.79999999999992,0.0,0.0,0.0,0.0,0.0
2025-12-02T00:47:54.717496+00:00,train,bootcamp,1,442,self,1.0,0,97,,-53.349999999999916,-53.349999999999916,0.0,0.0,0.0,0.0,0.0
2025-12-02T00:47:54.717770+00:00,train,bootcamp,1,443,self,1.0,0,100,,-54.99999999999991,-54.99999999999991,0.0,0.0,0.0,0.0,0.0
2025-12-02T00:47:54.718088+00:00,train,bootcamp,1,444,self,1.0,0,99,,-54.44999999999991,-54.44999999999991,0.0,0.0,0.0,0.0,0.0
2025-12-02T00:47:54.718491+00:00,train,bootcamp,1,445,self,1.0,0,100,,-54.99999999999991,-54.99999999999991,0.0,0.0,0.0,0.0,0.0
2025-12-02T00:47:54.718814+00:00,train,bootcamp,1,446,self,1.0,0,96,,-52.79999999999992,-52.79999999999992,0.0,0.0,0.0,0.0,0.0
2025-12-02T00:47:54.719014+00:00,train,bootcamp,1,447,self,1.0,0,95,,-52.24999999999992,-52.24999999999992,0.0,0.0,0.0,0.0,0.0
2025-12-02T00:47:54.719209+00:00,train,bootcamp,1,448,self,1.0,0,91,,-50.04999999999993,-50.04999999999993,0.0,0.0,0.0,0.0,0.0
2025-12-02T00:47:54.719386+00:00,train,bootcamp,1,449,self,1.0,0,99,,-54.44999999999991,-54.44999999999991,0.0,0.0,0.0,0.0,0.0
2025-12-02T00:47:54.719543+00:00,train,bootcamp,1,450,self,1.0,0,95,,-52.24999999999992,-52.24999999999992,0.0,0.0,0.0,0.0,0.0
2025-12-02T00:47:54.719695+00:00,train,bootcamp,1,451,self,1.0,0,90,,-49.499999999999936,-49.499999999999936,0.0,0.0,0.0,0.0,0.0
2025-12-02T00:47:54.719848+00:00,train,bootcamp,1,452,self,1.0,0,99,,-54.44999999999991,-54.44999999999991,0.0,0.0,0.0,0.0,0.0
2025-12-02T00:47:54.720001+00:00,train,bootcamp,1,453,self,1.0,0,96,,-52.79999999999992,-52.79999999999992,0.0,0.0,0.0,0.0,0.0
2025-12-02T00:47:54.720150+00:00,train,bootcamp,1,454,self,1.0,0,92,,-50.59999999999993,-50.59999999999993,0.0,0.0,0.0,0.0,0.0
2025-12-02T00:47:54.720299+00:00,train,bootcamp,1,455,self,1.0,0,92,,-50.59999999999993,-50.59999999999993,0.0,0.0,0.0,0.0,0.0
2025-12-02T00:47:54.720448+00:00,train,bootcamp,1,456,self,1.0,0,89,,-48.94999999999994,-48.94999999999994,0.0,0.0,0.0,0.0,0.0
2025-12-02T00:47:54.720595+00:00,train,bootcamp,1,457,self,1.0,0,98,,-53.89999999999991,-53.89999999999991,0.0,0.0,0.0,0.0,0.0
2025-12-02T00:47:54.720745+00:00,train,bootcamp,1,458,self,1.0,0,92,,-50.59999999999993,-50.59999999999993,0.0,0.0,0.0,0.0,0.0
2025-12-02T00:47:54.720892+00:00,train,bootcamp,1,459,self,1.0,0,100,,-54.99999999999991,-54.99999999999991,0.0,0.0,0.0,0.0,0.0
2025-12-02T00:47:54.721099+00:00,train,bootcamp,1,460,self,1.0,0,97,,-53.349999999999916,-53.349999999999916,0.0,0.0,0.0,0.0,0.0
2025-12-02T00:47:54.721282+00:00,train,bootcamp,1,461,self,1.0,0,88,,-48.39999999999994,-48.39999999999994,0.0,0.0,0.0,0.0,0.0
2025-12-02T00:47:54.721442+00:00,train,bootcamp,1,462,self,1.0,0,97,,-53.349999999999916,-53.349999999999916,0.0,0.0,0.0,0.0,0.0
2025-12-02T00:47:54.721595+00:00,train,bootcamp,1,463,self,1.0,0,95,,-52.24999999999992,-52.24999999999992,0.0,0.0,0.0,0.0,0.0
2025-12-02T00:47:54.721743+00:00,train,bootcamp,1,464,self,1.0,0,98,,-53.89999999999991,-53.89999999999991,0.0,0.0,0.0,0.0,0.0
2025-12-02T00:47:54.721889+00:00,train,bootcamp,1,465,self,1.0,0,95,,-52.24999999999992,-52.24999999999992,0.0,0.0,0.0,0.0,0.0
2025-12-02T00:47:54.722033+00:00,train,bootcamp,1,466,self,1.0,0,93,,-51.14999999999993,-51.14999999999993,0.0,0.0,0.0,0.0,0.0
2025-12-02T00:47:54.722177+00:00,train,bootcamp,1,467,self,1.0,0,82,,-45.09999999999996,-45.09999999999996,0.0,0.0,0.0,0.0,0.0
2025-12-02T00:47:54.722321+00:00,train,bootcamp,1,468,self,1.0,0,100,,-54.99999999999991,-54.99999999999991,0.0,0.0,0.0,0.0,0.0
2025-12-02T00:47:54.722463+00:00,train,bootcamp,1,469,self,1.0,0,100,,-54.99999999999991,-54.99999999999991,0.0,0.0,0.0,0.0,0.0
2025-12-02T00:47:54.722606+00:00,train,bootcamp,1,470,self,1.0,0,95,,-52.24999999999992,-52.24999999999992,0.0,0.0,0.0,0.0,0.0
2025-12-02T00:47:54.722749+00:00,train,bootcamp,1,471,self,1.0,0,100,,-54.99999999999991,-54.99999999999991,0.0,0.0,0.0,0.0,0.0
2025-12-02T00:47:54.722893+00:00,train,bootcamp,1,472,self,1.0,0,97,,-53.349999999999916,-53.349999999999916,0.0,0.0,0.0,0.0,0.0
2025-12-02T00:47:54.723036+00:00,train,bootcamp,1,473,self,1.0,0,95,,-52.24999999999992,-52.24999999999992,0.0,0.0,0.0,0.0,0.0
2025-12-02T00:47:54.723283+00:00,train,bootcamp,1,474,self,1.0,0,100,,-54.99999999999991,-54.99999999999991,0.0,0.0,0.0,0.0,0.0
2025-12-02T00:47:54.723481+00:00,train,bootcamp,1,475,self,1.0,0,83,,-45.649999999999956,-45.649999999999956,0.0,0.0,0.0,0.0,0.0
2025-12-02T00:47:54.723649+00:00,train,bootcamp,1,476,self,1.0,0,96,,-52.79999999999992,-52.79999999999992,0.0,0.0,0.0,0.0,0.0
2025-12-02T00:47:54.723808+00:00,train,bootcamp,1,477,self,1.0,0,86,,-47.29999999999995,-47.29999999999995,0.0,0.0,0.0,0.0,0.0
2025-12-02T00:47:54.724031+00:00,train,bootcamp,1,478,self,1.0,0,92,,-50.59999999999993,-50.59999999999993,0.0,0.0,0.0,0.0,0.0
2025-12-02T00:47:54.724188+00:00,train,bootcamp,1,479,self,1.0,0,98,,-53.89999999999991,-53.89999999999991,0.0,0.0,0.0,0.0,0.0
2025-12-02T00:47:54.724348+00:00,train,bootcamp,1,480,self,1.0,0,99,,-54.44999999999991,-54.44999999999991,0.0,0.0,0.0,0.0,0.0
2025-12-02T00:47:54.724506+00:00,train,bootcamp,1,481,self,1.0,0,97,,-53.349999999999916,-53.349999999999916,0.0,0.0,0.0,0.0,0.0
2025-12-02T00:47:54.724655+00:00,train,bootcamp,1,482,self,1.0,0,98,,-53.89999999999991,-53.89999999999991,0.0,0.0,0.0,0.0,0.0
2025-12-02T00:47:54.724838+00:00,train,bootcamp,1,483,self,1.0,0,97,,-53.349999999999916,-53.349999999999916,0.0,0.0,0.0,0.0,0.0
2025-12-02T00:47:54.725031+00:00,train,bootcamp,1,484,self,1.0,0,98,,-53.89999999999991,-53.89999999999991,0.0,0.0,0.0,0.0,0.0
2025-12-02T00:47:54.725219+00:00,train,bootcamp,1,485,self,1.0,0,100,,-54.99999999999991,-54.99999999999991,0.0,0.0,0.0,0.0,0.0
2025-12-02T00:47:54.725421+00:00,train,bootcamp,1,486,self,1.0,0,98,,-53.89999999999991,-53.89999999999991,0.0,0.0,0.0,0.0,0.0
2025-12-02T00:47:54.725591+00:00,train,bootcamp,1,487,self,1.0,0,92,,-50.59999999999993,-50.59999999999993,0.0,0.0,0.0,0.0,0.0
2025-12-02T00:47:54.725752+00:00,train,bootcamp,1,488,self,1.0,0,94,,-51.699999999999925,-51.699999999999925,0.0,0.0,0.0,0.0,0.0
2025-12-02T00:47:54.725910+00:00,train,bootcamp,1,489,self,1.0,0,97,,-53.349999999999916,-53.349999999999916,0.0,0.0,0.0,0.0,0.0
2025-12-02T00:47:54.726070+00:00,train,bootcamp,1,490,self,1.0,0,98,,-53.89999999999991,-53.89999999999991,0.0,0.0,0.0,0.0,0.0
2025-12-02T00:47:54.726224+00:00,train,bootcamp,1,491,self,1.0,0,97,,-53.349999999999916,-53.349999999999916,0.0,0.0,0.0,0.0,0.0
2025-12-02T00:47:54.726380+00:00,train,bootcamp,1,492,self,1.0,0,96,,-52.79999999999992,-52.79999999999992,0.0,0.0,0.0,0.0,0.0
2025-12-02T00:47:54.726535+00:00,train,bootcamp,1,493,self,1.0,0,100,,-54.99999999999991,-54.99999999999991,0.0,0.0,0.0,0.0,0.0
2025-12-02T00:47:54.726690+00:00,train,bootcamp,1,494,self,1.0,0,99,,-54.44999999999991,-54.44999999999991,0.0,0.0,0.0,0.0,0.0
2025-12-02T00:47:54.726843+00:00,train,bootcamp,1,495,self,1.0,0,95,,-52.24999999999992,-52.24999999999992,0.0,0.0,0.0,0.0,0.0
2025-12-02T00:47:54.727047+00:00,train,bootcamp,1,496,self,1.0,0,88,,-48.39999999999994,-48.39999999999994,0.0,0.0,0.0,0.0,0.0
2025-12-02T00:47:54.727266+00:00,train,bootcamp,1,497,self,1.0,0,100,,-54.99999999999991,-54.99999999999991,0.0,0.0,0.0,0.0,0.0
2025-12-02T00:47:54.727435+00:00,train,bootcamp,1,498,self,1.0,0,98,,-53.89999999999991,-53.89999999999991,0.0,0.0,0.0,0.0,0.0
2025-12-02T00:47:54.727593+00:00,train,bootcamp,1,499,self,1.0,0,96,,-52.79999999999992,-52.79999999999992,0.0,0.0,0.0,0.0,0.0
2025-12-02T00:47:54.727746+00:00,train,bootcamp,1,500,self,1.0,0,94,,-51.699999999999925,-51.699999999999925,0.0,0.0,0.0,0.0,0.0
